<meta>
    <info author="xXMADEXx" name="Drug system" version="1.3" type="Script" />
    <min_mta_version server="1.3.0-9.03739" />
	<script src="updater_s.luac" type="server" />
    <script src="panel_c.luac" type="client" />
    <script src="panel_s.luac" type="server" />
    
    <script src="dealer/locations.luac" type="client" />
    <script src="dealer/dealer_c.luac" type="client" />
    <script src="dealer/dealer_s.luac" type="server" />
    
    <file src="images/icon_god.png" />
    <file src="images/icon_mode.png" />
    <file src="images/icon_invisible.png" />

    <!-- Drug Usage Exports -->
    <export function="onClientAttemptUseDrug" />
    <!-- The function to use drugs -->
    <export function="isPlayerUsingDrug" />
    <export function="usePlayerDrug" />
    <!-- To avoid the "if" statments (not recommanded)-->
    <export function="getPlayerDrugs" />
    <!-- Returns a table containing the drugs. (format: { God, Invisible, Mode } ) -->
	
	
	<settings>
		<setting name="*_CheckUpdates" value="true" desc="Check for updates when the resource starts." accept='true,false' />
		<setting name="*_DownloadUpdates" value="true" desc="If true, then it will automaticly download any updates for the resource." accept='true,false' />
	</settings> 
	
	<aclrequest>
		<right name="function.callRemote" access="true" />
		<right name="function.fetchRemote" access="true" />
	</aclrequest>
</meta>
