<meta>
    <info author="Ortega" name="jobs" version="1.4.5" type="script"/>
    <script src="business.lua" type="client"/>
	<script src="business.slua" type="server"/>
	<script src="ranks.lua" type="client"/>
	<script src="ranks.slua" type="server"/>
	
	<export function="getPlayerWorkingStatus" type="server"/>
	<export function="startPlayerDuty" type="server"/>
	<export function="endPlayerDuty" type="server"/>
	<export function="setPlayerJob" type="server"/>
	<export function="beenEmployedBefore" type="server"/>
	<export function="isPlrWorking" type="server"/>
	<export function="isPlayerCriminal" type="server"/>
	<export function="firePlayerFromJob" type="server"/>
	<export function="getPlayerJob" type="server"/>
	<export function="addPayment" type="server"/>
</meta>
