
<!------------------------------------------------------------------------------------
--  RIGHTS:      All rights reserved by developers
--  FILE:        ATMsystem/ATMlocations.lua
--  PURPOSE:     ATM System v2.0
--  DEVELOPER:   A!ExXx AKA iAnnas
-------------------------------------------------------------------------------------->


<banks>
    <bank name="LS Rodeo ATM" blip="false" depositAllowed="true">
        <location posX="561.65" posY="-1253.71" posZ="16" ATM="true" interior="0" ATMRot="0.0" markerSize="1.5" icon="52"/>
    </bank>
    <bank name="LS Santa Maria Beach ATM" blip="false" depositAllowed="true">
        <location posX="515.69" posY="-1737.80" posZ="10.724" ATM="true" interior="0" ATMRot="0.0" markerSize="1.5"/>
    </bank>
    <bank name="LS Commerce ATM" blip="false" depositAllowed="true">
        <location posX="1674.73" posY="-1720.96" posZ="12.546" ATM="true" interior="0" ATMRot="0.0" markerSize="1.5"/>
    </bank>
    <bank name="LS Jefferson ATM" blip="false" depositAllowed="true">
        <location posX="2127.97" posY="-1152.84" posZ="23" ATM="true" interior="0" ATMRot="0.0" markerSize="1.5"/>
    </bank>
    <bank name="LS Willowfield ATM" blip="false" depositAllowed="true">
        <location posX="2404.96" posY="-1954.82" posZ="12.546" ATM="true" interior="0" ATMRot="0.0" markerSize="1.5"/>
    </bank>
    <bank name="LS East Beach ATM" blip="false" depositAllowed="true">
        <location posX="2737.83" posY="-1836.09" posZ="9.347" ATM="true" interior="0" ATMRot="0.0" markerSize="1.5"/>
    </bank>
    <bank name="LS Airport ATM" blip="false" depositAllowed="true">
        <location posX="1975.05" posY="-2179.73" posZ="12.546" ATM="true" interior="0" ATMRot="0.0" markerSize="1.5"/>
    </bank>
    <bank name="LS Market ATM" blip="false" depositAllowed="true">
        <location posX="1051.53" posY="-1422.91" posZ="12.546" ATM="true" interior="0" ATMRot="0.0" markerSize="1.5"/>
    </bank>
    <bank name="LS Temple ATM" blip="false" depositAllowed="true">
        <location posX="1053.11" posY="-1027.94" posZ="31.068" ATM="true" interior="0" ATMRot="0.0" markerSize="1.5"/>
    </bank>
    <bank name="LS Blueberry ATM" blip="false" depositAllowed="true">
        <location posX="224.16" posY="-188.71" posZ="0.578" ATM="true" interior="0" ATMRot="0.0" markerSize="1.5"/>
    </bank>
    <bank name="LS Dillimore ATM" blip="false" depositAllowed="true">
        <location posX="693.64" posY="-538.27" posZ="15.335" ATM="true" interior="0" ATMRot="0.0" markerSize="1.5"/>
    </bank>
    <bank name="LS Montgomery ATM" blip="false" depositAllowed="true">
        <location posX="1381.34" posY="260.58" posZ="18.566" ATM="true" interior="0" ATMRot="0.0" markerSize="1.5"/>
    </bank>
    <bank name="SF Doherty ATM" blip="false" depositAllowed="true">
        <location posX="-1979.64" posY="240.52" posZ="34.171" ATM="true" interior="0" ATMRot="0.0" markerSize="1.5"/>
    </bank>
    <bank name="SF Juniper Hollow ATM" blip="false" depositAllowed="true">
        <location posX="-2412.83" posY="995.98" posZ="44.301" ATM="true" interior="0" ATMRot="0.0" markerSize="1.5"/>
    </bank>
    <bank name="SF Downtown ATM" blip="false" depositAllowed="true">
        <location posX="-1650.2" posY="1212.38" posZ="20.156" ATM="true" interior="0" ATMRot="0.0" markerSize="1.5"/>
    </bank>
    <bank name="SF Garcia ATM" blip="false" depositAllowed="true">
        <location posX="-2211.50" posY="116.95" posZ="34.320" ATM="true" interior="0" ATMRot="0.0" markerSize="1.5"/>
    </bank>
    <bank name="SF Ocean Flats ATM" blip="false" depositAllowed="true">
        <location posX="-2695.34" posY="260.93" posZ="3.632" ATM="true" interior="0" ATMRot="0.0" markerSize="1.5"/>
    </bank>
    <bank name="SF Avispa ATM" blip="false" depositAllowed="true">
        <location posX="-2763.19" posY="-357.95" posZ="6.171" ATM="true" interior="0" ATMRot="0.0" markerSize="1.5"/>
    </bank>
    <bank name="SF Juniper Hill ATM" blip="false" depositAllowed="true">
        <location posX="-2512.64" posY="745.73" posZ="34.015" ATM="true" interior="0" ATMRot="0.0" markerSize="1.5"/>
    </bank>
    <bank name="SF Bayside ATM" blip="false" depositAllowed="true">
        <location posX="-2491.46" posY="2358.65" posZ="9.275" ATM="true" interior="0" ATMRot="0.0" markerSize="1.5"/>
    </bank>
    <bank name="SF Downtown Zip ATM" blip="false" depositAllowed="true">
        <location posX="-1885.16" posY="889.44" posZ="34.171" ATM="true" interior="0" ATMRot="0.0" markerSize="1.5"/>
    </bank>
    <bank name="SF Airport ATM" blip="false" depositAllowed="true">
        <location posX="-1655.78" posY="-430.84" posZ="13.148" ATM="true" interior="0" ATMRot="0.0" markerSize="1.5"/>
    </bank>
    <bank name="SF Angel Pine ATM" blip="false" depositAllowed="true">
        <location posX="-2125.27" posY="-2443.33" posZ="29.625" ATM="true" interior="0" ATMRot="0.0" markerSize="1.5"/>
    </bank>
    <bank name="SF Farm ATM" blip="false" depositAllowed="true">
        <location posX="-1060.2981" posY="-1212.5380" posZ="128.218" ATM="true" interior="0" ATMRot="0.0" markerSize="1.5"/>
    </bank>
    <bank name="LV Camel Toe's ATM" blip="false" depositAllowed="true">
        <location posX="2207.84" posY="1300.45" posZ="9.820" ATM="true" interior="0" ATMRot="0.0" markerSize="1.5"/>
    </bank>
    <bank name="LV Old Strip ATM" blip="false" depositAllowed="true">
        <location posX="2576.65" posY="2070.72" posZ="9.820" ATM="true" interior="0" ATMRot="0.0" markerSize="1.5"/>
    </bank>
    <bank name="LV Emerald Isle ATM" blip="false" depositAllowed="true">
        <location posX="2183.77" posY="2483.96" posZ="9.820" ATM="true" interior="0" ATMRot="0.0" markerSize="1.5"/>
    </bank>
    <bank name="LV Hospital ATM" blip="false" depositAllowed="true">
        <location posX="1629.717" posY="1813.228" posZ="9.820" ATM="true" interior="0" ATMRot="0.0" markerSize="1.5"/>
    </bank>
    <bank name="LV Blackfield ATM" blip="false" depositAllowed="true">
        <location posX="1117.27" posY="1381.93" posZ="9.820" ATM="true" interior="0" ATMRot="0.0" markerSize="1.5"/>
    </bank>
    <bank name="LV Redsands West ATM" blip="false" depositAllowed="true">
        <location posX="1668.72" posY="2221.56" posZ="9.820" ATM="true" interior="0" ATMRot="0.0" markerSize="1.5"/>
    </bank>
    <bank name="LV Yellow Bell ATM" blip="false" depositAllowed="true">
        <location posX="1450.23" posY="2615.76" posZ="10.392" ATM="true" interior="0" ATMRot="0.0" markerSize="1.5"/>
    </bank>
    <bank name="LV Fort Carson ATM" blip="false" depositAllowed="true">
        <location posX="-113.38" posY="1116.07" posZ="18.742" ATM="true" interior="0" ATMRot="0.0" markerSize="1.5"/>
    </bank>
    <bank name="LV El Quebrados ATM" blip="false" depositAllowed="true">
        <location posX="-1504.57" posY="2587.97" posZ="54.835" ATM="true" interior="0" ATMRot="0.0" markerSize="1.5"/>
    </bank>
    <bank name="LV Abandoned Airstrip ATM" blip="false" depositAllowed="true">
        <location posX="414.81" posY="2533.15" posZ="15.574" ATM="true" interior="0" ATMRot="0.0" markerSize="1.5"/>
    </bank>
    <bank name="LV Tierra Robada ATM" blip="false" depositAllowed="true">
        <location posX="-834.58" posY="1506.72" posZ="18.968" ATM="true" interior="0" ATMRot="0.0" markerSize="1.5"/>
    </bank>
</banks>