<meta>

	<info author="A!ExXx AKA iAnnas" version="2.0" name="ATM System" type="script" />

	<!--	Server Sides 	-->

	<script src="SERVERevents.lua" />

	<script src="SERVERfuncs.lua" />

	<script src="SERVERscript.lua" />

	<script src="SERVERxml.lua" />

	<script src="SERVERsendATM.lua" />

	<script src="SERVERexportedFunctions.lua" />

	<!--	Client Sides 	-->

	<script src="CLIENTgui.lua" type="client" />

	<script src="CLIENTblips.lua" type="client" />

	<script src="CLIENTcollision.lua" type="client" />

	<script src="CLIENTobjects.lua" type="client" />

	<!--	Settings/Config 	-->

	<config src="ATMlocations.xml" />

	<settings>

		<setting name="@useATMs"		value="[true]" />

	</settings>


	<!--	Files 	-->

	<file src="warning.png" />

	<!--	Exports 	-->

	<export function="getBankID" retval="int" params="string bankName/marker bankMarker" description="Returns ID of the specified ATM" />

	<export function="getBankMarker" retval="marker" params="string bankName/int bankID" description="Gets ATM marker by ID or name." />

	<export function="getBankName" retval="string" params="int bankID/marker bankMarker" description="Gets ATM's name by ID or marker." />

	<export function="getBankMarkers" retval="table" params="void" description="Returns a table containing all ATM markers." />

	<export function="countBanks" retval="int" params="void" description="Returns number of ATMs." />

	<export function="setBankAccountBalance" retval="bool/int" params="string accountName/player playerElement, int/string newbalance [, table SQLData ]" description="Sets ATM account new balance. Returns new balance is set successfully, false otherwise." />

	<export function="getBankAccountBalance" retval="bool/int" params="string accountName/player playerElement [, table SQLData ]" description="Gets the specified account balance." />

	<export function="isPlayerInBank" retval="bool" params="player playerElement [, int bankID/marker bankMarker ]" description="Checks if player is in a ATM" />

	<export function="getPlayersInBank" retval="table" params="int bankID/marker bankMarker/string bankName" description="Returns a table containing players who are in specific ATM" />

	<export function="getPlayerBank" retval="marker" params="player playerElement" description="Gets ATM marker in which specified player is standing." />

	<export function="withdrawPlayerMoney" retval="bool" params="player playerElement, int amount [, table SQLData ]" description="Withdraws money from specific player's account." />

	<export function="depositPlayerMoney" retval="bool" params="player playerElement, int amount [, table SQLData ]" description="Deposits specified player's specific amount of money." />

</meta>